Block,New Image Name,category
0,2021b7.png,desktop
0,460bf9.png,desktop
0,d99b18.png,desktop
0,7613f2.png,desktop
0,a2da71.png,desktop
0,95b2d2.png,desktop
0,8b0b52.png,desktop
0,fbd704.png,desktop
0,2e93e6.png,desktop
1,9b4285.png,desktop
1,3d6147.png,desktop
1,1bf5c6.png,desktop
1,1fdbf2.png,desktop
1,1b436f.png,desktop
1,e2aa7e.png,desktop
1,0529f2.png,desktop
1,a7ac1b.png,desktop
1,cccd2a.png,desktop
2,d98c2a.png,desktop
2,f7681d.png,desktop
2,afdcf4.png,desktop
2,3b203e.jpg,desktop
2,e39798.png,desktop
2,7f066d.png,desktop
2,e78858.png,desktop
2,03474c.png,desktop
2,c807dc.png,desktop
3,ad9e6b.png,desktop
3,7caa99.png,desktop
3,72cfd2.png,desktop
3,39b696.png,desktop
3,8e0c5b.png,desktop
3,306281.png,desktop
3,4d3cc1.png,desktop
3,1a9f12.png,desktop
3,13bd83.png,desktop
4,256121.png,desktop
4,f4b47d.png,desktop
4,3ea9d8.png,desktop
4,b4f37d.png,desktop
4,6294a2.png,desktop
4,a85808.png,desktop
4,9984d9.png,desktop
4,1f3437.png,desktop
4,db12fc.png,desktop
5,5fc8c2.png,desktop
5,f69be0.png,desktop
5,33c037.png,desktop
5,3a8a8b.png,desktop
5,33cc24.png,desktop
5,0632d7.png,desktop
5,763560.png,desktop
5,7cc04a.png,desktop
5,bf05c8.png,desktop
6,045f81.png,desktop
6,3f6cd4.png,desktop
6,13349c.png,desktop
6,b5dab9.png,desktop
6,2a4ccc.png,desktop
6,16d9d5.png,desktop
6,d42246.png,desktop
6,6722bc.png,desktop
6,25e2f5.png,desktop
7,ffdc28.png,desktop
7,e8b226.png,desktop
7,2e5cd6.png,desktop
7,81e5e3.png,desktop
7,3aecb7.png,desktop
7,529ce0.png,desktop
7,5062ba.png,desktop
7,07950c.png,desktop
7,67225a.png,desktop
8,daaa3f.png,desktop
8,d165df.png,desktop
8,5b5a0c.png,desktop
8,c7e7cd.png,desktop
8,46e6ec.png,desktop
8,fcac91.png,desktop
8,c9e860.png,desktop
8,d5f959.png,desktop
8,9b2668.png,desktop
9,5eb5e5.png,desktop
9,42b098.png,desktop
9,0eb2be.png,desktop
9,512240.png,desktop
9,2c663c.png,desktop
9,0720ce.png,desktop
9,ab9e2a.png,desktop
9,0ff0be.png,desktop
9,d320e4.png,desktop
10,d8d91d.png,desktop
10,52fbfe.png,desktop
10,c35930.png,desktop
10,61ea3d.jpg,desktop
10,1ce5f5.png,desktop
10,c6a670.png,desktop
10,949207.png,desktop
10,55079d.png,desktop
11,3a7320.png,desktop
11,73386c.png,desktop
11,387531.png,desktop
11,009d6b.png,desktop
11,538ccc.png,desktop
11,e3d8f9.jpg,desktop
11,6581b4.png,desktop
11,8bc82b.png,desktop
11,f01758.png,desktop
12,285c1c.png,desktop
12,555c68.png,desktop
12,ea4596.png,desktop
12,6f11a2.png,desktop
12,f4d6e9.png,desktop
12,ccf32c.png,desktop
12,2fe128.png,desktop
12,583824.png,desktop
12,40f316.png,desktop
13,d205d8.png,desktop
13,adf8ec.png,desktop
13,00b8f8.png,desktop
13,432066.png,desktop
13,76b63f.png,desktop
13,862f3a.png,desktop
13,f76fca.png,desktop
13,90888b.png,desktop
13,f9e25e.png,desktop
14,37c0ca.jpg,desktop
14,056cfb.png,desktop
14,db86c2.png,desktop
14,7d5fb2.png,desktop
14,0ef9b2.png,desktop
14,48a71e.png,desktop
14,0f85bd.png,desktop
14,6d4031.png,desktop
14,370302.png,desktop
15,7bed0d.png,desktop
15,fb8701.png,desktop
15,34558c.png,desktop
15,a42ac8.png,desktop
15,592a12.png,desktop
15,2bb7d4.png,desktop
15,f13c2f.png,desktop
15,c33956.png,desktop
15,08a5d7.png,desktop
16,fe670b.png,desktop
16,da1d78.png,desktop
16,bf97aa.png,desktop
16,2cb6b4.png,desktop
16,a05750.png,desktop
16,e2af38.png,desktop
16,4587b5.png,desktop
16,1f1fff.png,desktop
16,39fd3b.png,desktop
17,d6cc23.png,desktop
17,f3e3f8.png,desktop
17,b49400.png,desktop
17,2675a8.png,desktop
17,a04c36.png,desktop
17,3aced2.png,desktop
17,86c651.png,desktop
17,14c026.png,desktop
17,4fbc40.png,desktop
18,4bb6dd.png,desktop
18,e20a6e.png,desktop
18,eed0db.png,desktop
18,a9ccfc.png,desktop
18,ed8647.png,desktop
18,147ff4.png,desktop
18,bf66e8.png,desktop
18,de5446.png,desktop
18,55251b.png,desktop
19,58e0a1.png,desktop
19,1e27b2.png,desktop
19,e99f26.png,desktop
19,c0233f.png,desktop
19,0dbd98.png,desktop
19,f20200.png,desktop
19,27f3f7.png,desktop
19,bdf30a.png,desktop
19,8cb7cc.png,desktop
20,df8ad2.jpeg,desktop
20,55c555.png,desktop
20,ff561b.png,desktop
20,333ba8.png,desktop
20,947b62.png,desktop
20,b2b7a2.png,desktop
20,6a8c97.png,desktop
20,003eb9.png,desktop
20,78b10c.png,desktop
21,2ef49e.png,desktop
21,69cd24.png,desktop
21,e102af.png,desktop
21,998d69.png,desktop
21,8ea477.png,desktop
21,0eef1f.png,desktop
21,07b304.png,desktop
21,919716.png,desktop
21,038d71.png,desktop
22,20beb4.png,desktop
22,7e305e.png,desktop
22,f06889.png,desktop
22,9fb0eb.png,desktop
22,5aa40c.png,desktop
22,d667b6.png,desktop
22,179165.png,desktop
22,030bb3.png,desktop
22,890d33.png,desktop
23,be0882.png,desktop
23,c90ca1.png,desktop
23,8e3198.png,desktop
23,9780b8.png,desktop
23,6dc873.png,desktop
23,ef9433.png,desktop
23,bb1ef8.png,desktop
23,8a1565.png,desktop
23,2c6579.png,desktop
24,82361c.png,desktop
24,d4430e.png,desktop
24,9ea1e5.png,desktop
24,5d4c5e.png,desktop
24,312489.png,desktop
24,6cb077.png,desktop
24,37ad54.png,desktop
24,742a95.png,desktop
24,2f8185.png,desktop
25,ab09c3.png,desktop
25,c74797.png,desktop
25,84dc61.png,desktop
25,9faf29.png,desktop
25,8c2c62.png,desktop
25,1d0e96.png,desktop
25,9378c2.png,desktop
25,11482d.png,desktop
25,22dd48.png,desktop
26,d85242.png,desktop
26,c00ba0.png,desktop
26,8efd51.png,desktop
26,08d1eb.png,desktop
26,586b04.png,desktop
26,c2a57a.png,desktop
26,325da3.png,desktop
26,1ed970.png,desktop
26,7760b5.png,desktop
27,83b5c8.png,desktop
27,3304d5.png,desktop
27,38ad0c.png,desktop
27,832f18.png,desktop
27,93527f.png,desktop
27,286b3f.png,desktop
27,2a4b2d.png,desktop
27,0136d8.png,desktop
27,698985.png,desktop
28,685482.png,desktop
28,d0bb76.png,desktop
28,8daca7.png,desktop
28,51f8bb.jpg,desktop
28,3766a5.png,desktop
28,4f2d13.png,desktop
28,b9bf42.png,desktop
28,286cb0.png,desktop
28,d1e7bf.png,desktop
29,30bf75.png,desktop
29,0e1c44.png,desktop
29,82dca6.png,desktop
29,a1379e.png,desktop
29,c46c50.png,desktop
29,163ce0.png,desktop
29,c58003.png,desktop
29,8ef737.png,desktop
29,fd0093.png,desktop
30,e711e6.png,desktop
30,18177f.png,desktop
30,0db596.png,desktop
30,e9ec93.jpg,desktop
30,36602c.png,desktop
30,f50ab7.png,desktop
30,9dd93b.png,desktop
30,92c389.png,desktop
30,3bc419.png,desktop
31,4f9082.png,desktop
31,2a8ea5.png,desktop
31,35c062.png,desktop
31,a25cde.png,desktop
31,3f177a.jpg,desktop
31,229d89.png,desktop
31,853933.png,desktop
31,e7be99.png,desktop
31,d60e75.png,desktop
32,182715.png,desktop
32,faa31c.png,desktop
32,aac976.png,desktop
32,bef09c.png,desktop
32,cd6b02.png,desktop
32,49046b.png,desktop
32,1411d0.png,desktop
32,ba648d.png,desktop
32,37123f.png,desktop
33,9e6898.png,desktop
33,1a3e47.png,desktop
33,669937.png,desktop
33,fcb925.png,desktop
33,037d19.png,desktop
33,592d83.png,desktop
33,f21c0c.png,desktop
33,834258.png,desktop
33,111cd2.png,desktop
34,972cc2.png,desktop
34,51e1ce.png,desktop
34,3a8c09.png,desktop
34,88927a.png,desktop
34,256ef1.png,desktop
34,210e46.png,desktop
34,42962f.png,desktop
34,4cdee3.png,desktop
34,8160e7.png,desktop
35,ffad21.png,desktop
35,6e2c8e.png,desktop
35,fdda92.png,desktop
35,5c0bcf.png,desktop
35,95b24c.png,desktop
35,f717f5.png,desktop
35,709b8f.png,desktop
35,cdeba6.png,desktop
35,3c9088.png,desktop
36,e9cc4c.png,desktop
36,10579e.png,desktop
36,94dc20.png,desktop
36,3ec21e.png,desktop
36,76822c.png,desktop
36,c7db2d.png,desktop
36,7f6f8f.png,desktop
36,11412e.png,desktop
36,290bcd.png,desktop
37,fba6ed.png,desktop
37,faab85.png,desktop
37,f0e574.png,desktop
37,b45744.png,desktop
37,16830b.png,desktop
37,6d8534.png,desktop
37,3351c6.png,desktop
37,44c36b.png,desktop
37,49fc6a.png,desktop
38,2c9c76.png,desktop
38,ddbec1.png,desktop
38,985d8c.png,desktop
38,d07437.png,desktop
38,af5f27.png,desktop
38,26fb2d.png,desktop
38,3e3ebf.png,desktop
38,d66c89.png,desktop
38,a0992a.png,desktop
39,f7435d.png,desktop
39,38c9d5.png,desktop
39,6ba20c.png,desktop
39,10298c.png,desktop
39,dc06e3.png,desktop
39,8898cb.png,desktop
39,36ca43.png,desktop
39,4af601.png,desktop
39,b47f5a.png,desktop
40,bf2da8.png,desktop
40,221587.png,desktop
40,c905dc.png,desktop
40,511f7b.png,desktop
40,cc9bc8.png,desktop
40,09bb5b.png,desktop
40,fdba74.png,desktop
40,86500d.png,desktop
40,99004f.png,desktop
41,73ada1.png,desktop
41,8675c8.png,desktop
41,79e0cc.png,desktop
41,4d78ff.png,desktop
41,721348.png,desktop
41,72b54f.png,desktop
41,217749.png,desktop
41,8dfdc1.png,desktop
41,075286.png,desktop
42,16a13e.png,desktop
42,5a6a69.png,desktop
42,87f3a0.png,desktop
42,cb4227.png,desktop
42,ddce6f.png,desktop
42,9251bb.png,desktop
42,762fc4.png,desktop
42,94460d.png,desktop
42,f7ba1d.png,desktop
43,237216.png,desktop
43,dc6989.png,desktop
43,49e0ba.png,desktop
43,fa1827.png,desktop
43,eb34f4.png,desktop
43,d6702e.png,desktop
43,fdafcb.png,desktop
43,eb334e.png,desktop
44,7d53b3.png,desktop
44,5305a4.png,desktop
44,ea39db.png,desktop
44,f1f741.png,desktop
44,91ce42.png,desktop
44,83b886.png,desktop
44,0c51af.png,desktop
44,786754.png,desktop
44,b37071.png,desktop
45,bbd445.png,desktop
45,afc676.png,desktop
45,b96ba4.png,desktop
45,b5d3ae.png,desktop
45,363885.png,desktop
45,0e1dea.png,desktop
45,072634.png,desktop
45,00b3a0.png,desktop
45,d3d0eb.png,desktop
46,a752c9.png,desktop
46,95044c.png,desktop
46,1655e9.png,desktop
46,94bf23.png,desktop
46,4238a0.png,desktop
46,5fd00b.png,desktop
46,24f619.png,desktop
46,7142a6.png,desktop
46,6177fb.png,desktop
47,aefb83.png,desktop
47,0b777c.png,desktop
47,b889dd.png,desktop
47,c78cef.jpg,desktop
47,a46e4b.png,desktop
47,6457e0.png,desktop
47,e864da.png,desktop
47,bf4440.png,desktop
47,1dd3f0.png,desktop
48,631570.png,desktop
48,302489.png,desktop
48,e84071.png,desktop
48,b57c53.png,desktop
48,3a9ac6.png,desktop
48,8b14c2.png,desktop
48,f466b1.png,desktop
48,425384.png,desktop
49,33eb5e.png,desktop
49,48a5a0.png,desktop
49,61a9f0.png,desktop
49,a03205.png,desktop
49,c2db26.png,desktop
49,f4c1e4.png,desktop
49,11f8c6.png,desktop
49,5dbe49.png,desktop
49,e07498.png,desktop
50,50ebe2.png,desktop
50,c9fe43.png,desktop
50,901003.png,desktop
50,cca312.jpg,desktop
50,c3709c.png,desktop
50,8ed8ac.png,desktop
50,57f74a.png,desktop
50,7f9e3a.png,desktop
50,15ac57.png,desktop
52,c71a6f.png,desktop
52,c92f85.png,desktop
52,d3a241.png,desktop
52,244817.png,desktop
52,1b984b.png,desktop
52,b2c74f.png,desktop
52,df67c6.png,desktop
52,244dfc.png,desktop
52,b2165e.png,desktop
53,824f2b.png,desktop
53,9b3896.png,desktop
53,27e29a.jpg,desktop
53,c3ac4c.png,desktop
53,ad1e05.png,desktop
53,c8b126.png,desktop
53,1a03d5.png,desktop
53,c0e167.png,desktop
53,0f1984.png,desktop
54,b86b7d.png,desktop
54,a7a9da.png,desktop
54,628715.png,desktop
54,3076c2.png,desktop
54,6fbe76.png,desktop
54,c50a3d.png,desktop
54,9bbfdf.png,desktop
54,815859.png,desktop
54,1c381f.png,desktop
55,a09cbe.png,desktop
55,8b2ea2.png,desktop
55,8d2ab9.png,desktop
55,7fc716.jpeg,desktop
55,592b58.png,desktop
55,815511.png,desktop
55,2a8f6b.jpg,desktop
55,49e72e.png,desktop
55,aac5d7.png,desktop
10,fafbcc.png,desktop
43,4b2bd1.png,desktop
48,cfa83c.png,desktop
0,c27e4e.jpg,mobile
0,536e7f.jpg,mobile
0,4adea3.jpg,mobile
0,13af7a.jpg,mobile
0,e3d203.jpg,mobile
0,17a8d1.jpg,mobile
0,58a60d.jpg,mobile
0,207fd4.jpg,mobile
0,f639bf.jpg,mobile
1,cba28b.jpg,mobile
1,3b078d.jpg,mobile
1,8cf0d4.jpg,mobile
1,840bb8.jpg,mobile
1,a64332.jpg,mobile
1,3141d9.jpg,mobile
1,f30633.jpg,mobile
1,58b56c.jpg,mobile
1,8770ed.jpg,mobile
2,c6b002.jpg,mobile
2,7c5f7f.jpg,mobile
2,83d7ce.jpg,mobile
2,533099.jpg,mobile
2,2b0b4e.jpg,mobile
2,9aa231.jpg,mobile
2,bae388.jpg,mobile
2,3f9682.jpg,mobile
2,37cecc.jpg,mobile
3,226f76.jpg,mobile
3,ff7d76.jpg,mobile
3,917a4f.jpg,mobile
3,03340d.jpg,mobile
3,95d2d7.jpg,mobile
3,95fc3f.jpg,mobile
3,20e9c6.jpg,mobile
3,8a770a.jpg,mobile
3,f02589.jpg,mobile
4,731c85.jpg,mobile
4,c02580.jpg,mobile
4,2f6fcd.jpg,mobile
4,fc70db.jpg,mobile
4,3bb8f9.jpg,mobile
4,012baa.jpg,mobile
4,de9b80.jpg,mobile
4,d79d5c.jpg,mobile
4,a77bd5.jpg,mobile
5,2336ff.jpg,mobile
5,9d3bb4.jpg,mobile
5,587857.jpg,mobile
5,b8a4ea.jpg,mobile
5,d4988b.jpg,mobile
5,006450.jpg,mobile
5,93f7fb.jpg,mobile
5,cbd84a.jpg,mobile
5,757ade.jpg,mobile
6,f0f10a.jpg,mobile
6,cff421.jpg,mobile
6,fd0d5c.jpg,mobile
6,ea6aef.jpg,mobile
6,dafb86.jpg,mobile
6,00fcd9.jpg,mobile
6,b8c70a.jpg,mobile
6,8ce365.jpg,mobile
6,5efd27.jpg,mobile
7,5bcc14.jpg,mobile
7,700a42.jpg,mobile
7,a69a78.jpg,mobile
7,78666b.jpg,mobile
7,39f80c.jpg,mobile
7,80e107.jpg,mobile
7,371069.jpg,mobile
7,2b80bb.jpg,mobile
7,cd91c5.jpg,mobile
8,6cb6d4.jpg,mobile
8,3b6541.jpg,mobile
8,599a18.jpg,mobile
8,b33b46.jpg,mobile
8,b36130.jpg,mobile
8,4e14f5.jpg,mobile
8,4193f2.jpg,mobile
8,3ea1d8.jpg,mobile
8,e946d8.jpg,mobile
9,f96a6e.jpg,mobile
9,2e9a8b.jpg,mobile
9,39fa7c.jpg,mobile
9,2b7751.jpg,mobile
9,e69624.jpg,mobile
9,f38ac2.jpg,mobile
9,6b51ee.jpg,mobile
9,96d95b.jpg,mobile
10,5b5e85.jpg,mobile
10,064f44.jpg,mobile
10,00d37d.jpg,mobile
10,aff2b7.jpg,mobile
10,10b93c.jpg,mobile
10,a4f49f.jpg,mobile
10,f21770.jpg,mobile
10,52b67f.jpg,mobile
10,70d755.jpg,mobile
11,623ccb.jpg,mobile
11,6e09d5.jpg,mobile
11,e8d8ff.jpg,mobile
11,cc787e.jpg,mobile
11,eb529b.jpg,mobile
11,661e84.jpg,mobile
11,aa635a.jpg,mobile
11,935ba3.jpg,mobile
11,93562f.jpg,mobile
12,74e427.jpg,mobile
12,5f07a6.jpg,mobile
12,943fdb.jpg,mobile
12,163518.jpg,mobile
12,4867f6.jpg,mobile
12,7e3369.jpg,mobile
12,605f70.jpg,mobile
12,12a0ed.jpg,mobile
12,0c21ef.jpg,mobile
13,75361f.jpg,mobile
13,07e9bb.jpg,mobile
13,f08c55.jpg,mobile
13,e624e7.jpg,mobile
13,d70468.jpg,mobile
13,741c3a.jpg,mobile
13,6eb290.jpg,mobile
13,1a2169.jpg,mobile
13,dc537b.jpg,mobile
14,61e6d0.jpg,mobile
14,71a0b1.jpg,mobile
14,e228f3.jpg,mobile
14,733bb9.jpg,mobile
14,6b1bcd.jpg,mobile
14,f491f4.jpg,mobile
14,bc25a7.jpg,mobile
14,c40b98.jpg,mobile
14,927918.jpg,mobile
15,49e81b.jpg,mobile
15,368917.jpg,mobile
15,c29a4e.jpg,mobile
15,a0f84b.jpg,mobile
15,ddca3f.jpg,mobile
15,f60132.jpg,mobile
15,b80952.jpg,mobile
15,7527bb.jpg,mobile
15,eec240.jpg,mobile
16,ab7961.jpg,mobile
16,c9133b.jpg,mobile
16,d93532.jpg,mobile
16,c6c08a.jpg,mobile
16,7ee781.jpg,mobile
16,0f81ca.jpg,mobile
16,26c4ef.jpg,mobile
16,fd7c30.jpg,mobile
16,88a176.jpg,mobile
17,af49df.jpg,mobile
17,00d34f.jpg,mobile
17,01ca85.jpg,mobile
17,b3ddb5.jpg,mobile
17,9fad4b.jpg,mobile
17,79672d.jpg,mobile
17,67522f.jpg,mobile
17,6d15ce.jpg,mobile
17,dd8251.jpg,mobile
18,74edd4.jpg,mobile
18,9ba547.jpg,mobile
18,548c01.jpg,mobile
18,3efe00.jpg,mobile
18,f735e9.jpg,mobile
18,f1be04.jpg,mobile
18,4e2a75.jpg,mobile
18,2b30aa.jpg,mobile
18,62fedf.jpg,mobile
19,759dc4.jpg,mobile
19,6af818.jpg,mobile
19,c84d32.jpg,mobile
19,25bf7b.jpg,mobile
19,235508.jpg,mobile
19,51fd1b.jpg,mobile
19,980144.jpg,mobile
19,319181.jpg,mobile
19,0616a4.jpg,mobile
20,849f25.jpg,mobile
20,13f898.jpg,mobile
20,cbb7ad.jpg,mobile
20,05490b.jpg,mobile
20,510093.jpg,mobile
20,16e611.jpg,mobile
20,e1f7b0.jpg,mobile
20,eae3c4.jpg,mobile
20,7ba4bc.jpg,mobile
21,88fed8.jpg,mobile
21,23f03c.jpg,mobile
21,e4f360.jpg,mobile
21,e254a8.jpg,mobile
21,a4d2a8.jpg,mobile
21,9073f0.jpg,mobile
21,a6c640.jpg,mobile
21,becb10.jpg,mobile
21,591218.jpg,mobile
22,2c29d4.jpg,mobile
22,56ea71.jpg,mobile
22,ad1260.jpg,mobile
22,bfd9c4.jpg,mobile
22,509783.jpg,mobile
22,72aff7.jpg,mobile
22,381869.jpg,mobile
22,3a0d2b.jpg,mobile
22,7afd03.jpg,mobile
23,92159f.jpg,mobile
23,74db3f.jpg,mobile
23,e348b5.jpg,mobile
23,7b3c72.jpg,mobile
23,94d9ed.jpg,mobile
23,dd173b.jpg,mobile
23,aff6c9.jpg,mobile
23,22651b.jpg,mobile
23,1f1736.jpg,mobile
24,1b307f.jpg,mobile
24,857721.jpg,mobile
24,5cadcf.jpg,mobile
24,0ce287.jpg,mobile
24,dc351a.jpg,mobile
24,4288cb.jpg,mobile
24,d355a9.jpg,mobile
24,fc7118.jpg,mobile
24,eadf4b.jpg,mobile
25,4d17b7.jpg,mobile
25,8c6298.jpg,mobile
25,a80be1.jpg,mobile
25,25c458.jpg,mobile
25,09942c.jpg,mobile
25,91b127.jpg,mobile
25,18f66d.jpg,mobile
25,c75d3f.jpg,mobile
25,417f2b.jpg,mobile
26,91c8f3.jpg,mobile
26,de271c.jpg,mobile
26,e43ab5.jpg,mobile
26,e332da.jpg,mobile
26,7c4cae.jpg,mobile
26,b3c403.jpg,mobile
26,15fd54.jpg,mobile
26,317639.jpg,mobile
26,5b9261.jpg,mobile
27,dd0f11.jpg,mobile
27,fb692e.jpg,mobile
27,3bdf30.jpg,mobile
27,489252.jpg,mobile
27,2ab326.jpg,mobile
27,aac709.jpg,mobile
27,763161.jpg,mobile
27,356da5.jpg,mobile
27,5bdff0.jpg,mobile
28,862bf5.jpg,mobile
28,02f37c.jpg,mobile
28,4b3eb7.jpg,mobile
28,ee0caf.jpg,mobile
28,4e3225.jpg,mobile
28,fe5ed4.jpg,mobile
28,2ab8bb.jpg,mobile
28,1193c7.jpg,mobile
28,dc705a.jpg,mobile
29,755429.jpg,mobile
29,0a588b.jpg,mobile
29,2d170d.jpg,mobile
29,8f38c9.jpg,mobile
29,c6e9bb.jpg,mobile
29,fe430b.jpg,mobile
29,472a87.jpg,mobile
29,44efc4.jpg,mobile
29,f8ecb9.jpg,mobile
30,6628d7.jpg,mobile
30,d1da7d.jpg,mobile
30,37446a.jpg,mobile
30,804d56.jpg,mobile
30,55ce87.jpg,mobile
30,217ab4.jpg,mobile
30,5300d8.jpg,mobile
30,8b41ed.jpg,mobile
30,62f428.jpg,mobile
31,3664a3.jpg,mobile
31,529401.jpg,mobile
31,3578cd.jpg,mobile
31,1f0773.jpg,mobile
31,8a530f.jpg,mobile
31,9c07ef.jpg,mobile
31,08d885.jpg,mobile
31,5e2ff9.jpg,mobile
31,94b1bc.jpg,mobile
32,0c5a84.jpg,mobile
32,756eac.jpg,mobile
32,14a621.jpg,mobile
32,fd4c35.jpg,mobile
32,87b0c1.jpg,mobile
32,34a3b6.jpg,mobile
32,f4ff84.jpg,mobile
32,13a206.jpg,mobile
32,51f12a.jpg,mobile
33,af0d52.jpg,mobile
33,658f2d.jpg,mobile
33,b264ce.jpg,mobile
33,94e7b4.jpg,mobile
33,3a2d21.jpg,mobile
33,ebe076.jpg,mobile
33,0be8eb.jpg,mobile
33,60b012.jpg,mobile
33,16a5c4.jpg,mobile
34,b32f2b.jpg,mobile
34,52658e.jpg,mobile
34,7ee34f.jpg,mobile
34,964429.jpg,mobile
34,906624.jpg,mobile
34,6c392e.jpg,mobile
34,da36d4.jpg,mobile
34,9ec0f6.jpg,mobile
34,69ba30.jpg,mobile
35,035da4.jpg,mobile
35,91d919.jpg,mobile
35,579621.jpg,mobile
35,81f2f3.jpg,mobile
35,b83a7a.jpg,mobile
35,59b238.jpg,mobile
35,6f401f.jpg,mobile
35,2a3bf3.jpg,mobile
35,2cf681.jpg,mobile
36,f8d172.jpg,mobile
36,a42b4e.jpg,mobile
36,f147ec.jpg,mobile
36,b87c56.jpg,mobile
36,a11833.jpg,mobile
36,884333.jpg,mobile
36,1680c9.jpg,mobile
36,fc4494.jpg,mobile
36,23b246.jpg,mobile
37,bb23c6.jpg,mobile
37,b8b56d.jpg,mobile
37,a3fb58.jpg,mobile
37,d079f1.jpg,mobile
37,66935b.jpg,mobile
37,6afc6f.jpg,mobile
37,f757ac.jpg,mobile
37,591317.jpg,mobile
38,e129e6.jpg,mobile
38,dcf870.jpg,mobile
38,13a393.jpg,mobile
38,4cd989.jpg,mobile
38,1dd09f.jpg,mobile
38,7b6c15.jpg,mobile
38,a05670.jpg,mobile
38,f1d7fa.jpg,mobile
38,2f57d8.jpg,mobile
39,128abc.jpg,mobile
39,d5caa3.jpg,mobile
39,016f77.jpg,mobile
39,d13f3e.jpg,mobile
39,b5d9a8.jpg,mobile
39,479245.jpg,mobile
39,28422f.jpg,mobile
39,42c444.jpg,mobile
39,9bf988.jpg,mobile
40,2d811c.jpg,mobile
40,0bdd56.jpg,mobile
40,992c50.jpg,mobile
40,215727.jpg,mobile
40,469579.jpg,mobile
40,46bc27.jpg,mobile
40,7dea7a.jpg,mobile
40,4f3f84.jpg,mobile
41,e5174e.jpg,mobile
41,55aa06.jpg,mobile
41,7f957a.jpg,mobile
41,2fe3ac.jpg,mobile
41,c75e3e.jpg,mobile
41,abb05d.jpg,mobile
41,039978.jpg,mobile
41,fe8c5d.jpg,mobile
41,1eb64a.jpg,mobile
42,3c674f.jpg,mobile
42,4ae90b.jpg,mobile
42,6d294c.jpg,mobile
42,8e4e71.jpg,mobile
42,69a953.jpg,mobile
42,9d1757.jpg,mobile
42,345b44.jpg,mobile
42,3962ab.jpg,mobile
42,9e5962.jpg,mobile
43,cd2ed2.jpg,mobile
43,ad24c7.jpg,mobile
43,c9ab98.jpg,mobile
43,8118a1.jpg,mobile
43,4a3f51.jpg,mobile
43,6915dc.jpg,mobile
43,0ef09e.jpg,mobile
43,dd47fa.jpg,mobile
43,c053d2.jpg,mobile
44,9951b0.jpg,mobile
44,2e122d.jpg,mobile
44,249820.jpg,mobile
44,af423a.jpg,mobile
44,a4ac9c.jpg,mobile
44,ffde86.jpg,mobile
44,5b51c9.jpg,mobile
44,1c375b.jpg,mobile
44,3a564f.jpg,mobile
45,38a251.jpg,mobile
45,69df54.jpg,mobile
45,97c1a1.jpg,mobile
45,e64eb8.jpg,mobile
45,624c91.jpg,mobile
45,0b86e9.jpg,mobile
45,661898.jpg,mobile
45,90181f.jpg,mobile
45,86d1d4.jpg,mobile
46,a6f08e.jpg,mobile
46,04741e.jpg,mobile
46,cf815f.jpg,mobile
46,13642b.jpg,mobile
46,3a98e9.jpg,mobile
46,bf7fae.jpg,mobile
46,6bc1d8.jpg,mobile
46,b3b08a.jpg,mobile
47,7db957.jpg,mobile
47,aa6f23.jpg,mobile
47,49b3fd.jpg,mobile
47,5d47cf.jpg,mobile
47,da1a17.jpg,mobile
47,10c4f3.jpg,mobile
47,a886c5.jpg,mobile
47,a8e85c.jpg,mobile
47,b6c589.jpg,mobile
48,70e38d.jpg,mobile
48,f657ff.jpg,mobile
48,906fd8.jpg,mobile
48,15723a.jpg,mobile
48,01e2cd.jpg,mobile
48,8afe09.jpg,mobile
48,233a4c.jpg,mobile
48,4458ae.jpg,mobile
48,dd9efb.jpg,mobile
49,ec6510.jpg,mobile
49,c05cd5.jpg,mobile
49,cdcaf8.jpg,mobile
49,2fdaaf.jpg,mobile
49,2ad467.jpg,mobile
49,b65aeb.jpg,mobile
49,cb23a7.jpg,mobile
49,8c765a.jpg,mobile
49,e5635e.jpg,mobile
50,533daf.jpg,mobile
50,0a0c95.jpg,mobile
50,c3f5f9.jpg,mobile
50,af9990.jpg,mobile
50,efb9d2.jpg,mobile
50,aefca8.jpg,mobile
50,3d29ac.jpg,mobile
50,50802a.jpg,mobile
50,58033d.jpg,mobile
52,9620b2.jpg,mobile
52,abf2a6.jpg,mobile
52,151d2e.jpg,mobile
52,fb3c20.jpg,mobile
52,3c465a.jpg,mobile
52,614eae.jpg,mobile
52,76e1d9.jpg,mobile
52,091ab0.jpg,mobile
52,bca872.jpg,mobile
53,b44e33.jpg,mobile
53,40e990.jpg,mobile
53,fb2cd4.jpg,mobile
53,991446.jpg,mobile
53,46e638.jpg,mobile
53,4b9fd2.jpg,mobile
53,c01b8e.jpg,mobile
53,f9ae9f.jpg,mobile
53,0feea2.jpg,mobile
54,31bba3.jpg,mobile
54,1a2fc7.jpg,mobile
54,598d81.jpg,mobile
54,eb06ec.jpg,mobile
54,7decae.jpg,mobile
54,3e8fe3.jpg,mobile
54,66b3ff.jpg,mobile
54,b92f85.jpg,mobile
54,f285d7.jpg,mobile
55,bc43bb.jpg,mobile
55,6c8b71.jpg,mobile
55,ab4d1f.jpg,mobile
55,d1ef30.jpg,mobile
55,59354f.jpg,mobile
55,5620ab.jpg,mobile
55,0dc366.jpg,mobile
55,449b4f.jpg,mobile
55,cd9e29.jpg,mobile
9,020ba5.jpg,mobile
37,174696.jpg,mobile
40,7a9967.jpg,mobile
46,56669a.jpg,mobile
0,708a08.png,poster
0,b2d2fa.jpg,poster
0,cced5f.jpg,poster
0,05e980.jpg,poster
0,9afe5f.png,poster
0,65576e.jpg,poster
0,085001.jpg,poster
0,e7e220.png,poster
0,6eb097.png,poster
1,1e1131.jpg,poster
1,3734cb.jpg,poster
1,32fcbf.png,poster
1,8da42b.png,poster
1,98474c.jpg,poster
1,a077e7.png,poster
1,0ec997.png,poster
1,f7c681.png,poster
1,43a952.png,poster
2,722b8c.jpg,poster
2,5cfc08.png,poster
2,093c65.png,poster
2,4dae22.png,poster
2,162809.png,poster
2,adbe00.png,poster
2,c143b6.png,poster
2,17e6bf.png,poster
2,98b958.jpg,poster
3,8709e4.png,poster
3,8fcaf4.png,poster
3,9e3ef2.png,poster
3,72156f.png,poster
3,4954fe.jpg,poster
3,1ad1cc.jpg,poster
3,ea01c0.jpg,poster
3,0197c7.jpg,poster
3,11a99d.png,poster
4,17b8da.jpg,poster
4,2586ee.png,poster
4,1f5664.png,poster
4,78cb76.png,poster
4,c5fff6.png,poster
4,8d908a.png,poster
4,bbc0fc.jpg,poster
4,092bd5.png,poster
4,5b0cba.png,poster
5,bbffc1.png,poster
5,ab2461.jpg,poster
5,d56ac6.png,poster
5,e734ce.jpg,poster
5,b901be.png,poster
5,cc5387.png,poster
5,d6789a.png,poster
5,6c678c.png,poster
5,6aa903.png,poster
6,eeb171.png,poster
6,48a58b.jpg,poster
6,110636.png,poster
6,09094b.jpg,poster
6,48582c.png,poster
6,d28ecf.png,poster
6,1bc531.png,poster
6,e2dea3.jpg,poster
6,865942.jpg,poster
7,ab791d.png,poster
7,e93e5e.jpg,poster
7,38dec1.png,poster
7,09d1d9.png,poster
7,6e6daf.jpg,poster
7,8d7422.jpg,poster
7,b8a1c2.png,poster
7,4093f0.png,poster
7,00ee0c.png,poster
8,7cf580.png,poster
8,5f562b.png,poster
8,dc2864.jpg,poster
8,4ab184.png,poster
8,d31d43.jpg,poster
8,e0f578.png,poster
8,a16835.jpg,poster
8,e948ad.jpg,poster
8,d2c979.png,poster
9,f05508.jpg,poster
9,f68906.png,poster
9,b5edbf.png,poster
9,7aad84.png,poster
9,1c2bc5.jpg,poster
9,63aef5.png,poster
9,c41f2f.png,poster
9,45d01a.png,poster
9,8b12a0.png,poster
10,3c29dc.png,poster
10,b7690d.png,poster
10,25d5bc.png,poster
10,7d61f6.jpg,poster
10,b46333.png,poster
10,9f2268.png,poster
10,39a8fb.png,poster
10,2ea01b.png,poster
10,e0966a.jpg,poster
11,22411d.jpg,poster
11,935066.png,poster
11,0b81bd.png,poster
11,c9131a.jpg,poster
11,b602c0.jpg,poster
11,9e5e48.png,poster
11,a26a7d.png,poster
11,e8739a.png,poster
11,a8f62a.png,poster
12,71bc07.jpg,poster
12,eed5f3.jpg,poster
12,51e73b.jpg,poster
12,c9b04c.jpg,poster
12,457f63.png,poster
12,f861f0.jpg,poster
12,ac484e.png,poster
12,01d4b9.jpg,poster
12,f23e97.png,poster
13,b80cf5.png,poster
13,3dbc95.png,poster
13,aabc06.png,poster
13,d5493d.png,poster
13,e277d3.jpg,poster
13,575851.png,poster
13,d2f771.png,poster
13,9e68c7.jpg,poster
13,bd7a8b.png,poster
14,f2cbaa.jpg,poster
14,65a2cf.png,poster
14,d50a8b.png,poster
14,de4fee.jpg,poster
14,09d330.png,poster
14,f1bad6.jpg,poster
14,60fd02.png,poster
14,1a5c70.jpg,poster
14,25d2e6.jpg,poster
15,557221.png,poster
15,a93c69.png,poster
15,a7f12f.jpg,poster
15,93749b.jpg,poster
15,27c37d.png,poster
15,c40a65.jpg,poster
15,46e99f.jpg,poster
15,f33d51.jpg,poster
15,e9f7f7.jpg,poster
16,55d981.png,poster
16,837df2.jpg,poster
16,e70774.png,poster
16,b434fb.png,poster
16,8ff998.png,poster
16,9199de.jpg,poster
16,e9465f.jpg,poster
16,88c9d1.png,poster
16,7ce6d3.jpg,poster
17,4d987b.png,poster
17,d9a22e.jpg,poster
17,c5ea52.jpg,poster
17,f1e37f.jpg,poster
17,42a9cb.png,poster
17,8b6299.png,poster
17,9204ba.png,poster
17,665c4e.png,poster
17,257df7.png,poster
18,a47405.png,poster
18,8f669a.png,poster
18,91138f.png,poster
18,d7535a.png,poster
18,628c6e.png,poster
18,05a1ad.png,poster
18,d375a8.png,poster
18,d1f254.png,poster
18,813384.png,poster
19,239f23.jpg,poster
19,ea3c8c.png,poster
19,b4a191.jpg,poster
19,f7b72e.jpg,poster
19,f48d0e.jpg,poster
19,325d49.jpg,poster
19,f63992.jpg,poster
19,df1857.png,poster
19,203a7b.png,poster
20,544816.jpg,poster
20,5d7024.png,poster
20,b516e1.jpg,poster
20,76dc6b.png,poster
20,0fc384.jpg,poster
20,f29bd9.jpg,poster
20,f4e7f3.jpg,poster
20,dbdbed.jpg,poster
20,7e5b71.jpg,poster
21,6f5978.png,poster
21,c53dc2.png,poster
21,e856d3.png,poster
21,c0ad6f.png,poster
21,e86e77.jpg,poster
21,f0773e.png,poster
21,af24f8.jpg,poster
21,fe193f.png,poster
21,fd395b.jpg,poster
22,23981a.jpg,poster
22,468f66.png,poster
22,0186f0.png,poster
22,a0c0ff.png,poster
22,0bce2b.png,poster
22,82e138.png,poster
22,caf6d3.png,poster
22,7f0091.png,poster
22,d6ac76.png,poster
23,18f09a.png,poster
23,150e9a.png,poster
23,e64d79.png,poster
23,6dacc6.jpg,poster
23,287cec.jpg,poster
23,7dec89.png,poster
23,74cb9f.png,poster
23,79dba2.png,poster
23,9dd545.png,poster
24,87b278.png,poster
24,51582e.jpg,poster
24,f9fed0.png,poster
24,5845fb.png,poster
24,f7d1cb.jpg,poster
24,35aa58.png,poster
24,38d067.jpg,poster
24,d2d386.jpg,poster
24,83c9ba.png,poster
25,71bf79.png,poster
25,c65666.png,poster
25,5ae7ba.png,poster
25,54d9cf.png,poster
25,027990.png,poster
25,69b497.png,poster
25,b346f3.jpg,poster
25,c86562.png,poster
25,e13179.png,poster
26,9952f0.png,poster
26,83440d.jpg,poster
26,22eaed.png,poster
26,343781.jpg,poster
26,230d6a.png,poster
26,cfa724.png,poster
26,013aca.jpg,poster
26,1fac04.jpg,poster
26,a7f467.png,poster
27,6fd016.jpg,poster
27,d95bad.png,poster
27,1de187.png,poster
27,493d3c.jpg,poster
27,e73aab.png,poster
27,5bf483.jpg,poster
27,324a81.png,poster
27,0cee4a.png,poster
27,e85138.jpg,poster
28,781596.png,poster
28,cfade5.jpg,poster
28,9fce53.png,poster
28,5ee443.jpg,poster
28,d738b4.png,poster
28,d328b1.png,poster
28,fac314.jpg,poster
28,170ea3.png,poster
28,ba6d0c.png,poster
29,fff715.jpg,poster
29,fd7302.jpg,poster
29,a0d2e5.png,poster
29,719c30.png,poster
29,576a9f.jpg,poster
29,4f357d.jpg,poster
29,ec53c3.jpg,poster
29,366c6f.png,poster
29,ea0f94.png,poster
30,423c3e.jpg,poster
30,809460.png,poster
30,5dd542.jpg,poster
30,647100.png,poster
30,a2744a.png,poster
30,299635.png,poster
30,edcc83.png,poster
30,9b3421.png,poster
30,ceea7c.jpg,poster
31,274fcc.png,poster
31,8e8767.png,poster
31,f14f17.jpg,poster
31,848e55.jpg,poster
31,c7cfb6.png,poster
31,33fdee.jpg,poster
31,a18b8d.jpg,poster
31,cdbd16.png,poster
31,dd0d82.jpg,poster
32,ca623d.png,poster
32,bb3926.jpg,poster
32,ce5b5c.png,poster
32,0939f7.png,poster
32,3ec6d5.jpg,poster
32,ab32c7.png,poster
32,520b4a.png,poster
32,1356d2.jpg,poster
32,b3b208.jpg,poster
33,c62001.jpg,poster
33,2ad4e3.png,poster
33,28d46f.jpg,poster
33,1102e9.png,poster
33,510db4.png,poster
33,9da4ef.png,poster
33,018c0a.jpg,poster
33,b0afe4.png,poster
33,2ad31e.png,poster
34,2d23e1.jpg,poster
34,68d170.png,poster
34,c08f50.jpg,poster
34,6a7b1c.jpg,poster
34,2089d4.jpg,poster
34,98ae63.png,poster
34,4a784d.png,poster
34,93016d.jpg,poster
34,8869c8.png,poster
35,42826d.png,poster
35,75c4ec.png,poster
35,6b173a.png,poster
35,a7aa57.jpg,poster
35,7786e5.png,poster
35,2298de.png,poster
35,a7c035.png,poster
35,d09395.png,poster
35,90271a.png,poster
36,e451ee.png,poster
36,305533.jpg,poster
36,196a1e.jpg,poster
36,56ed0e.png,poster
36,d594d5.jpg,poster
36,bec3fa.jpg,poster
36,2dfd9c.png,poster
36,4a2527.png,poster
36,4ea758.jpg,poster
37,005f83.png,poster
37,5ad367.jpg,poster
37,6763e2.png,poster
37,9ab8bc.png,poster
37,88f13f.png,poster
37,ea104d.jpg,poster
37,f27923.png,poster
37,9f6fc9.jpg,poster
37,9e3970.png,poster
38,c40db1.jpg,poster
38,972486.png,poster
38,b5f7cc.png,poster
38,212589.jpg,poster
38,f93751.png,poster
38,9f7fe4.png,poster
38,7ec75a.png,poster
38,868823.jpg,poster
38,540107.jpg,poster
39,4cc35a.jpg,poster
39,a965f4.png,poster
39,bb56be.png,poster
39,2fd907.png,poster
39,4bcfc3.png,poster
39,ce6863.png,poster
39,b7c621.png,poster
39,172c5d.jpg,poster
39,6a889e.jpg,poster
40,7e01b8.png,poster
40,641719.jpg,poster
40,4a97e1.jpg,poster
40,8ee0c9.jpg,poster
40,ae548c.png,poster
40,1055b2.png,poster
40,bb34f1.png,poster
40,51db8e.png,poster
40,7dd59a.jpg,poster
41,d0c24c.jpg,poster
41,55b7b4.png,poster
41,29d7dd.png,poster
41,9e02bf.png,poster
41,ebd305.png,poster
41,868efa.jpg,poster
41,f6bc62.jpg,poster
41,0fa6b9.jpg,poster
41,5f4902.png,poster
42,80e896.png,poster
42,a637f9.jpg,poster
42,7542d4.jpg,poster
42,24ff3e.png,poster
42,6c5780.png,poster
42,3bc098.jpg,poster
42,08b92b.png,poster
42,bcc33b.png,poster
42,f84800.png,poster
43,045d43.png,poster
43,c25357.jpg,poster
43,e663f9.png,poster
43,f9b020.png,poster
43,173a17.png,poster
43,85b582.png,poster
43,00f742.jpg,poster
43,af4f68.jpg,poster
43,2428cc.png,poster
44,c3cd6a.png,poster
44,5e22c9.jpg,poster
44,b32bc3.png,poster
44,0cf59b.jpg,poster
44,7e2533.png,poster
44,501b73.jpg,poster
44,e84796.png,poster
44,08aaa5.png,poster
44,8e467d.jpg,poster
45,fc9315.jpg,poster
45,8e5bd8.jpg,poster
45,ed3849.jpg,poster
45,699734.jpg,poster
45,410cbd.jpg,poster
45,31eed9.png,poster
45,1b0094.png,poster
45,e9f3a6.jpg,poster
45,90032b.png,poster
46,9f1d52.png,poster
46,297a9c.png,poster
46,e82dd7.png,poster
46,9a69c1.jpg,poster
46,29b4ce.png,poster
46,ae747f.png,poster
46,298ce9.jpg,poster
46,cae3e9.jpg,poster
46,4f5fe8.png,poster
47,88c36b.png,poster
47,2711d3.png,poster
47,378c6a.png,poster
47,d7beb9.jpg,poster
47,6975a8.jpg,poster
47,8f0277.jpg,poster
47,dba9fe.png,poster
47,7c5f79.png,poster
47,0f5056.png,poster
48,d73e0e.jpg,poster
48,8b4008.png,poster
48,3930bc.png,poster
48,91b2d6.jpg,poster
48,f4641f.jpg,poster
48,d073b7.png,poster
48,949f72.jpg,poster
48,c1ad1f.jpg,poster
48,224be3.png,poster
49,5fcb22.png,poster
49,35c59b.png,poster
49,193df9.png,poster
49,00398c.jpg,poster
49,955a79.jpg,poster
49,ecf627.png,poster
49,ca49ac.png,poster
49,7cd2e0.jpg,poster
49,719127.png,poster
50,4d0fc2.jpg,poster
50,0ba80a.jpg,poster
50,7ace2f.png,poster
50,da75d3.png,poster
50,673d4f.png,poster
50,f3cfac.jpg,poster
50,abc926.png,poster
50,c4be71.jpg,poster
50,f1e0ee.png,poster
52,bd8797.png,poster
52,b9d4f6.jpg,poster
52,1b4c8d.png,poster
52,34c262.png,poster
52,9e069d.png,poster
52,ab56ac.png,poster
52,f4bfdd.png,poster
52,a128c8.png,poster
52,964f81.png,poster
53,0e136e.png,poster
53,d889b1.png,poster
53,5d66d2.jpg,poster
53,825f33.png,poster
53,4c739f.jpg,poster
53,5bfe3d.png,poster
53,13ae19.jpg,poster
53,a53761.png,poster
53,83a338.jpg,poster
54,5ea384.png,poster
54,a87d4f.png,poster
54,4f7447.png,poster
54,4f4f19.png,poster
54,2ffa4a.png,poster
54,168b3b.png,poster
54,ab0c83.png,poster
54,e1217f.png,poster
54,a6b429.png,poster
55,d7cfda.png,poster
55,e7a5c0.png,poster
55,c84353.png,poster
55,e18daf.jpg,poster
55,c79430.png,poster
55,cb0c6c.jpg,poster
55,5db7bc.jpg,poster
55,91795a.png,poster
55,7c352d.jpg,poster
0,9efc81.png,web
0,166bc9.png,web
0,72062c.png,web
0,69a8c4.png,web
0,29227b.png,web
0,5c88b8.png,web
0,27d67e.png,web
0,4e81ec.png,web
0,781b7e.png,web
1,1ee232.png,web
1,1b3eec.png,web
1,183534.png,web
1,f04d2e.png,web
1,5ac518.png,web
1,caa82e.png,web
1,3b1c3e.png,web
1,026dd2.png,web
1,a76ed6.png,web
2,bccea2.png,web
2,e7163d.png,web
2,ead495.png,web
2,d07b98.png,web
2,6b7c75.png,web
2,2b56f2.png,web
2,dda275.png,web
2,271112.png,web
2,e9b8fa.png,web
3,452a6c.png,web
3,1626dc.png,web
3,9b41e4.png,web
3,40ca07.png,web
3,7e2e98.png,web
3,450720.png,web
3,35a756.png,web
3,026a98.png,web
3,ecf129.png,web
4,511db2.png,web
4,330777.png,web
4,a7c147.png,web
4,e4afc4.png,web
4,c31d79.png,web
4,35bd1e.png,web
4,d24c30.png,web
4,f8d7fd.png,web
4,d8d582.png,web
5,e9f7d6.png,web
5,7b6601.png,web
5,f431fa.png,web
5,9efcf0.png,web
5,774bc4.png,web
5,06256f.png,web
5,1d5a20.png,web
5,57bb95.png,web
5,1bafe2.png,web
6,c23e50.png,web
6,2917cc.png,web
6,454f59.png,web
6,4571a8.png,web
6,349e93.png,web
6,3f3349.png,web
6,7d1335.png,web
6,700dbf.png,web
6,bcdde6.png,web
7,c3c939.png,web
7,009085.png,web
7,b28a85.png,web
7,a9793b.png,web
7,cf477d.png,web
7,48806f.png,web
7,21d79e.png,web
7,b93b7e.png,web
7,5a64a8.png,web
8,18230e.png,web
8,31b0f0.png,web
8,ffd262.png,web
8,6e6737.png,web
8,71e30d.png,web
8,96f6e0.png,web
8,d9baa1.png,web
8,a2d191.png,web
8,5073f5.png,web
9,16a273.png,web
9,856a72.png,web
9,14a7b0.png,web
9,b67326.png,web
9,869868.png,web
9,a3d37d.png,web
9,2b48a6.png,web
9,7f6c14.png,web
9,5b04c4.png,web
10,ecd2f0.png,web
10,ddc145.png,web
10,0f858f.png,web
10,bbc4d8.png,web
10,6a4f04.png,web
10,042af0.png,web
10,1d1d01.png,web
10,a0e299.png,web
10,7881e5.png,web
11,4afbad.png,web
11,b02b39.png,web
11,8dcfba.png,web
11,e7022f.png,web
11,e7e0d0.png,web
11,3250cb.png,web
11,d924c7.png,web
11,8bcc12.png,web
11,82a8ca.png,web
12,0f712c.png,web
12,fdc3d7.png,web
12,47293c.png,web
12,2a97ca.png,web
12,d48310.png,web
12,c10e6e.png,web
12,f4a513.png,web
12,3364ed.png,web
12,e3d6fa.png,web
13,074c75.png,web
13,db81dc.png,web
13,3d5500.png,web
13,5badb5.png,web
13,ea57c5.png,web
13,a069b7.png,web
13,2a1907.png,web
13,773f17.png,web
13,fb6dd3.png,web
14,4e729d.png,web
14,a33aac.png,web
14,439c14.png,web
14,8087da.png,web
14,53faa2.png,web
14,1acfdd.png,web
14,95ce3a.png,web
14,6b2df3.png,web
14,edbb42.png,web
15,a15dc1.png,web
15,029a48.png,web
15,24425e.png,web
15,3ae6bb.png,web
15,d69abb.png,web
15,f7344c.png,web
15,3ae59a.png,web
15,ce9bfe.png,web
15,2adbfe.png,web
16,b901b1.png,web
16,3478a7.png,web
16,3cf90e.png,web
16,441395.png,web
16,9e8ff1.png,web
16,24776f.png,web
16,95b733.png,web
16,c68139.png,web
16,882e01.png,web
17,5baa74.png,web
17,1c27b9.png,web
17,85e5ac.png,web
17,bd57a3.png,web
17,eede0a.png,web
17,5e0dee.png,web
17,d23a34.png,web
17,0a87be.png,web
17,05890e.png,web
18,07a2c8.png,web
18,d20ff4.png,web
18,33d2a6.png,web
18,714584.png,web
18,cad727.png,web
18,b3bf42.png,web
18,7b8443.png,web
18,268f27.png,web
18,609262.png,web
19,27b0cb.png,web
19,c4b8a0.png,web
19,486fbb.png,web
19,3cc438.png,web
19,57879f.png,web
19,bb4af5.png,web
19,d59f99.png,web
19,d7d901.png,web
19,42941c.png,web
20,ef8863.png,web
20,3839b1.png,web
20,9cb812.png,web
20,2a5307.png,web
20,73d5d7.png,web
20,c642a8.png,web
20,c15cd3.png,web
20,9466ef.png,web
20,c05a14.png,web
21,5a19e3.png,web
21,f29c75.png,web
21,3a6075.png,web
21,563395.png,web
21,188089.png,web
21,1d99c7.png,web
21,3628ee.png,web
21,c9898c.png,web
21,e6b882.png,web
22,96db53.png,web
22,82dad4.png,web
22,362dcc.png,web
22,822454.png,web
22,acfa9a.png,web
22,ba46a0.png,web
22,e017a7.png,web
22,e6c62e.png,web
22,4de4af.png,web
23,2d86fb.png,web
23,e60745.png,web
23,aef7af.png,web
23,ed1239.png,web
23,091b5e.png,web
23,ffb688.png,web
23,5fb771.png,web
23,61707e.png,web
23,d613ea.png,web
24,8f7ad5.png,web
24,5a5935.png,web
24,c98506.png,web
24,5fe2ce.png,web
24,458458.png,web
24,14f8a2.png,web
24,4cd863.png,web
24,a7789f.png,web
24,e74016.png,web
25,94d7be.png,web
25,d9508a.png,web
25,4014f1.png,web
25,b0a63b.png,web
25,c3ce89.png,web
25,7c76a1.png,web
25,142b9c.png,web
25,cb0bf5.png,web
25,de1ea9.png,web
26,b68951.png,web
26,55d16d.png,web
26,aed588.png,web
26,e2f692.png,web
26,1408dc.png,web
26,3a1d22.png,web
26,cc25e1.png,web
26,bdeb92.png,web
26,e471e8.png,web
27,c6c2cd.png,web
27,b908c7.png,web
27,25265d.png,web
27,215977.png,web
27,d4dac4.png,web
27,761c36.png,web
27,28867f.png,web
27,1f192b.png,web
27,538c08.png,web
28,80126c.png,web
28,a52e34.png,web
28,5d7115.png,web
28,fc8a69.png,web
28,59cb6e.png,web
28,f0acf8.png,web
28,6193f8.png,web
28,fe0708.png,web
28,0b2a15.png,web
29,ff6a33.png,web
29,949fd0.png,web
29,5009b5.png,web
29,dde134.png,web
29,02a592.png,web
29,eb1040.png,web
29,574bac.png,web
29,c83c32.png,web
29,ab87f5.png,web
30,63508a.png,web
30,14e331.png,web
30,b66ff3.png,web
30,eabfe2.png,web
30,f2e048.png,web
30,e9a4e4.png,web
30,3fdde1.png,web
30,d4ab0e.png,web
30,51f811.png,web
31,52a3d2.png,web
31,83575e.png,web
31,d8cbc3.png,web
31,2c9ce5.png,web
31,8fd96b.png,web
31,c0422a.png,web
31,28a531.png,web
31,38a100.png,web
31,ba9073.png,web
32,a19d22.png,web
32,92510f.png,web
32,8d98e4.png,web
32,42c4ea.png,web
32,20eedb.png,web
32,0a22ef.png,web
32,d34e08.png,web
32,f3411a.png,web
32,6428b2.png,web
33,96c596.png,web
33,348c74.png,web
33,1ba5bc.png,web
33,af1e2d.png,web
33,60593d.png,web
33,d88d22.png,web
33,ad5e9d.png,web
33,cb662e.png,web
33,fd129e.png,web
34,b11c7a.png,web
34,a4eeef.png,web
34,fec2d4.png,web
34,567366.png,web
34,689a18.png,web
34,65b50e.png,web
34,d0e249.png,web
34,9609c8.png,web
34,7ac1c6.png,web
35,c36099.png,web
35,d33aa2.png,web
35,070781.png,web
35,3f1f0d.png,web
35,b3acff.png,web
35,d7346d.png,web
35,97cc00.png,web
35,87475d.png,web
35,a44943.png,web
36,2511d9.png,web
36,3088d0.png,web
36,787aa3.png,web
36,8740d9.png,web
36,28cf69.png,web
36,5c5b71.png,web
36,0d8830.png,web
36,54f52f.png,web
36,63de16.png,web
37,56d63a.png,web
37,912a36.png,web
37,66058d.png,web
37,cfca97.png,web
37,32c969.png,web
37,9aa968.png,web
37,2481a3.png,web
37,73bdee.png,web
37,d8d2df.png,web
38,debbb2.png,web
38,33214a.png,web
38,a7a074.png,web
38,5be5fa.png,web
38,483fb9.png,web
38,2f5041.png,web
38,e249a7.png,web
38,e2f93a.png,web
38,2b837f.png,web
39,35ba73.png,web
39,dcc0de.png,web
39,2103ee.png,web
39,b87aea.png,web
39,1d26b4.png,web
39,60ab80.png,web
39,47033b.png,web
39,2019ad.png,web
39,337990.png,web
40,4376ed.png,web
40,af4220.png,web
40,909a4f.png,web
40,4fa3d2.png,web
40,c4b437.png,web
40,014b22.png,web
40,fb0956.png,web
40,c01022.png,web
40,a78deb.png,web
41,46ced7.png,web
41,446969.png,web
41,ede16b.png,web
41,98df26.png,web
41,9b7610.png,web
41,134669.png,web
41,406fb2.png,web
41,edbf2d.png,web
41,7c98c6.png,web
42,ceb6b3.png,web
42,feec80.png,web
42,426a6a.png,web
42,c53c23.png,web
42,3364c6.png,web
42,259405.png,web
42,f39252.png,web
42,7c2883.png,web
42,be2ed1.png,web
43,251672.png,web
43,a4d155.png,web
43,6f9e1b.png,web
43,21c674.png,web
43,20bf03.png,web
43,d01e8a.png,web
43,fefe30.png,web
43,32cce0.png,web
43,9eb11f.png,web
44,ed292f.png,web
44,78ddbd.png,web
44,4863ea.png,web
44,60caa9.png,web
44,5a97ec.png,web
44,5a6efa.png,web
44,efddbf.png,web
44,164cf7.png,web
44,b0c3be.png,web
45,78fccc.png,web
45,e643f8.png,web
45,2f0568.png,web
45,81627a.png,web
45,d3a405.png,web
45,b81b5a.png,web
45,7c8c61.png,web
45,3b4d85.png,web
45,61a325.png,web
46,927a3c.png,web
46,83f4bd.png,web
46,05dac7.png,web
46,e5a7be.png,web
46,9d7510.png,web
46,ed473c.png,web
46,12be73.png,web
46,b5613a.png,web
46,eb0400.png,web
47,8bb83b.png,web
47,385881.png,web
47,83df37.png,web
47,d7049d.png,web
47,f51c26.png,web
47,d6f09c.png,web
47,c7af8c.png,web
47,baf38d.png,web
47,02622b.png,web
48,83ba29.png,web
48,25acbb.png,web
48,479d3c.png,web
48,660b15.png,web
48,314e90.png,web
48,cd1a8e.png,web
48,a8a8fd.png,web
48,2154a3.png,web
48,d499e7.png,web
49,ed727a.png,web
49,0c11b6.png,web
49,3eb8f9.png,web
49,26781f.png,web
49,0f8ece.png,web
49,f50e6b.png,web
49,74afe3.png,web
49,5f1d69.png,web
49,54bc51.png,web
50,0950e7.png,web
50,8f64ff.png,web
50,25426d.png,web
50,de022a.png,web
50,aa24d4.png,web
50,457230.png,web
50,e9b913.png,web
50,f961b1.png,web
50,72e45e.png,web
52,d1e801.png,web
52,1a27f3.png,web
52,2aff6a.png,web
52,c2c5ec.png,web
52,aa063a.png,web
52,1e79f1.png,web
52,bef1f3.png,web
52,195990.png,web
52,b3e3d8.png,web
53,8f9844.png,web
53,abe796.png,web
53,92b95d.png,web
53,6047d3.png,web
53,c05976.png,web
53,5887a5.png,web
53,a8f275.png,web
53,fe14d6.png,web
53,c228a1.png,web
54,393327.png,web
54,0af35a.png,web
54,c6a6d9.png,web
54,bfa4f2.png,web
54,b4a27a.png,web
54,fe6876.png,web
54,9f5081.png,web
54,6d8af6.png,web
54,b02217.png,web
55,a91f25.png,web
55,2304c8.png,web
55,a44696.png,web
55,631068.png,web
55,18db69.png,web
55,853a11.png,web
55,9aabba.png,web
55,ab4eb4.png,web
55,cac69c.png,web
